{
  "task": "redefine-math",
  "acc_zero": 0.46184738955823296,
  "acc_few": 0.5742971887550201,
  "acc_ft": 0.8032128514056225
}